{
	"pages": [ //pages数组中第一项表示应用启动页，参考：https://uniapp.dcloud.io/collocation/pages
		{
			"path": "pages/index/index",
			"style": {
				"navigationBarTitleText": "小程序"
				
				
			}
		}
	    ,{
            "path" : "pages/Online_ordering/Online_ordering",
            "style" :                                                                                    
            {
                "navigationBarTitleText": "",
                "enablePullDownRefresh": false
            }
            
        }
        ,{
            "path" : "pages/fx/fx",
            "style" :                                                                                    
            {
                "navigationBarTitleText": "",
                "enablePullDownRefresh": false
            }
            
        }
        ,{
            "path" : "pages/my/my",
            "style" :                                                                                    
            {
                "navigationBarTitleText": "我的",
              
				"usingComponents": {
				    "van-row": "/wxcomponents/dist/row/index",
				    "van-col": "/wxcomponents/dist/col/index",
				    "van-icon": "/wxcomponents/dist/icon/index",
				    "van-button": "/wxcomponents/dist/button/index",
					  "van-image": "/wxcomponents/dist/image/index",
					 
						  "van-dialog": "/wxcomponents/dist/dialog/index",
						   "van-popup": "/wxcomponents/dist/popup/index",
						     "van-loading": "/wxcomponents/dist/loading/index",
							   "van-overlay": "/wxcomponents/dist/overlay/index"
				}
            }
            
        },{
            "path" : "pages/my/ziliao",
            "style" :                                                                                    
            {
                "navigationBarTitleText": "完善资料",
                "enablePullDownRefresh": false,
				"usingComponents": {
				    "van-row": "/wxcomponents/dist/row/index",
				    "van-col": "/wxcomponents/dist/col/index",
				    "van-icon": "/wxcomponents/dist/icon/index",
				    "van-button": "/wxcomponents/dist/button/index",
					  "van-image": "/wxcomponents/dist/image/index",
					  
						  "van-dialog": "/wxcomponents/dist/dialog/index",
						   "van-popup": "/wxcomponents/dist/popup/index",
						     "van-loading": "/wxcomponents/dist/loading/index",
							   "van-overlay": "/wxcomponents/dist/overlay/index"
				}
            }
            
        },
		{
		    "path" : "pages/my/shouhuo",
		    "style" :                                                                                    
		    {
		        "navigationBarTitleText": "收获地址",
		        "enablePullDownRefresh": false,
				"usingComponents": {
				    "van-row": "/wxcomponents/dist/row/index",
				    "van-col": "/wxcomponents/dist/col/index",
				    "van-icon": "/wxcomponents/dist/icon/index",
				    "van-button": "/wxcomponents/dist/button/index",
					  "van-image": "/wxcomponents/dist/image/index",
					
						  "van-dialog": "/wxcomponents/dist/dialog/index",
						   "van-popup": "/wxcomponents/dist/popup/index",
						     "van-loading": "/wxcomponents/dist/loading/index",
							   "van-overlay": "/wxcomponents/dist/overlay/index"
				}
		    }
		    
		},
		{
		    "path" : "pages/my/shoucan",
		    "style" :                                                                                    
		    {
		        "navigationBarTitleText": "收藏的店铺",
		        "enablePullDownRefresh": false,
				"usingComponents": {
				    "van-row": "/wxcomponents/dist/row/index",
				    "van-col": "/wxcomponents/dist/col/index",
				    "van-icon": "/wxcomponents/dist/icon/index",
				    "van-button": "/wxcomponents/dist/button/index",
					  "van-image": "/wxcomponents/dist/image/index",
					 "van-radio": "/wxcomponents/dist/radio/index",
					  "van-radio-group": "/wxcomponents/dist/radio-group/index",
						  "van-dialog": "/wxcomponents/dist/dialog/index",
						   "van-popup": "/wxcomponents/dist/popup/index",
						     "van-loading": "/wxcomponents/dist/loading/index",
							   "van-overlay": "/wxcomponents/dist/overlay/index",
							    "van-card": "/wxcomponents/dist/card/index",
								  "van-divider": "/wxcomponents/dist/divider/index"
				}
		    }
		    
		},
		
		{
		    "path" : "pages/my/shanjia",
		    "style" :                                                                                    
		    {
		        "navigationBarTitleText": "商家入驻",
		        "enablePullDownRefresh": false,
				"usingComponents": {
				    "van-row": "/wxcomponents/dist/row/index",
				    "van-col": "/wxcomponents/dist/col/index",
				    "van-icon": "/wxcomponents/dist/icon/index",
				    "van-button": "/wxcomponents/dist/button/index",
					  "van-image": "/wxcomponents/dist/image/index",
					  
						  "van-dialog": "/wxcomponents/dist/dialog/index",
						   "van-popup": "/wxcomponents/dist/popup/index",
						     "van-loading": "/wxcomponents/dist/loading/index",
							   "van-overlay": "/wxcomponents/dist/overlay/index"
				}
		    }
		    
		},
		{
		    "path" : "pages/my/addshouhuo",
		    "style" :                                                                                    
		    {
		        "navigationBarTitleText": "添加收货地址",
		        "enablePullDownRefresh": false,
				"usingComponents": {
				    "van-row": "/wxcomponents/dist/row/index",
				    "van-col": "/wxcomponents/dist/col/index",
				    "van-icon": "/wxcomponents/dist/icon/index",
				    "van-button": "/wxcomponents/dist/button/index",
					  "van-image": "/wxcomponents/dist/image/index",
					  
						  "van-dialog": "/wxcomponents/dist/dialog/index",
						   "van-popup": "/wxcomponents/dist/popup/index",
						     "van-loading": "/wxcomponents/dist/loading/index",
							   "van-overlay": "/wxcomponents/dist/overlay/index"
				}
		    }
		    
		},
				{
				    "path" : "pages/index/components/fun",
				    "style" :                                                                                    
				    {
				        "navigationBarTitleText": "",
				        "enablePullDownRefresh": false
				    }
				    
				}
        // ,{
        //     "path" : "pages/index/components/swiper/swiper",
        //     "style" :                                                                                    
        //     {
        //         "navigationBarTitleText": "",
        //         "enablePullDownRefresh": false
        //     }
            
        // }
        ,{
            "path" : "pages/more/more",
            "style" :                                                                                    
            {
                "navigationBarTitleText": "",
                "enablePullDownRefresh": false
            }
            
        },
		{
		    "path" : "pages/login/login",
		    "style" :                                                                                    
		    {
		        "navigationBarTitleText": "登录",
		        "enablePullDownRefresh": false,
				"usingComponents": {
				    "van-row": "/wxcomponents/dist/row/index",
				    "van-col": "/wxcomponents/dist/col/index",
				    "van-icon": "/wxcomponents/dist/icon/index",
				    "van-button": "/wxcomponents/dist/button/index",
					  "van-image": "/wxcomponents/dist/image/index",
					   "van-radio": "/wxcomponents/dist/radio/index",
					    "van-radio-group": "/wxcomponents/dist/radio-group/index",
						  "van-dialog": "/wxcomponents/dist/dialog/index",
						   "van-popup": "/wxcomponents/dist/popup/index",
						     "van-loading": "/wxcomponents/dist/loading/index",
							   "van-overlay": "/wxcomponents/dist/overlay/index"
				}
		    }
		    
		}
    ],
	"globalStyle": {
		"navigationBarTextStyle": "black",
		"navigationBarTitleText": "uni-app",
		"navigationBarBackgroundColor": "#ffaa00",
		"backgroundColor": "#F8F8F8"
},
"tabBar":{
		"color": "#333333",
		"selectedColor": "#ffaa00",
		"borderStyle": "black",
		"backgroundColor": "#FFFAF0",
		"list": [
		{
		    "pagePath": "pages/index/index",
		    "iconPath": "static/图标/sye.png",
		    "selectedIconPath": "static/图标/sye.png",
		    "text": "首页"
		},
		{
		    "pagePath": "pages/fx/fx",
		    "iconPath": "static/图标/发现.png",
		    "selectedIconPath": "static/图标/发现.png",
		    "text": "发现"
		},
		{
		    // "pagePath": "pages/policyList/index",
			"pagePath": "pages/my/my",
			// "pagePath": "pages/my_policy/my_policy",
		    "iconPath": "static/图标/_我的.png",
		    "selectedIconPath": "static/图标/_我的.png",
		    "text": "我的"
		}
		]
	}
}

